0,Fields group,Management of the resource,,,,,,,,,,,Metadata of the text (description of item),,,,,,,,,,,,,,,,,,,,,,,,,,,,,,,,,,,,,,,,,,,,,,Link(s) to related resources,,,0
0,,,,,,,,,,,,,Text identity,,,,,,Related  entities,,,Text typology,,,,Language(s) and script(s),,,,,,,,,,,,Physical form,,,,,,,Date of the text,,,,,Filiation,,,,,,,Rights,,,,,0
0,Fields,Identifier of the resource,Origin of the metadata,DHARMA import,Editor of the metadata,Date of the edition,Contributor of the metadata,Reviewer,Date of review,Project,Corpus,Distribution rights of the metadata,Identifier of the text,Designation,Alternative identifier,Alternative designation,Alternative designation,Location on the artefact/conglomerate artefact/monument,ID of the artefact(s),ID of the conglomerate artefact,ID of the monument,Text type 1,Text type 2,Text type 3,Text type 4,Language 1,Script classification 1,Script maturity 1,Language 2,Script classification 2,Script maturity 2,Language 3,Script classification 3,Script maturity 3,Language 4,Script classification 4,Script maturity 4,Lettering technique,Lines (observed),Lines (estimated),Lines per zone(s),Dimensions of text zone(s),Height of glyph,Width of glyph,Date CE,Date range CE,Date certainty,Date precision,Date evidence,Other instances,Type of filiation,Reissue date,Bibliographic references (primary),Bibliographic references (secondary),Keyword(s),Remarks,Project responsible for publication,Distribution rights of the text edition,Identifier of the surrogate,Identifier of the digital image,Link to external repository of images,0
0,Description of the fields,Digital identifier of the inscription as text. Syntax: INS<corpus>00001,Origin of the metadata: database or publication,Date of conversion of previously available metadata to the DHARMA model,"Person(s) who supplied metadata (use the DHARMA members' Ids and separate them by $, if more than one editor)",Start date of metadata input/editing for DHARMA (YYYY-MM-DD),"Person(s) who entered/edited metadata (use the DHARMA members' Ids and separate them by $, if more than one editor)","Validating person (use the DHARMA members' Ids and separate them by $, if more than one editor)",Date of metadata validation (YYYY-MM-DD),Project responsible for making these metadata available,Corpus to which the inscription pertains,Licence applicable to metadata,Identifier of the text. Syntax: INS<corpus>00001,Designation of the text [= title in xml edition],Alternative identifier(s),Alternative designation(s),Alternative designation(s),Location on the artefact/conglomerate artefact/monument (free text),"ID of the artefact bearing the text. If there is more than one artefact bearing the text, use $ as separator.",ID of the conglomerate artefact bearing the text,ID of the monument bearing the text,"Text type (ideally only 1, choose misc. if you need to record more than 1)",Text type 2 (use only if more than 1 is necessary – Text type 1 must then have value misc.),Text type 3 (use only if more than 1 is necessary – Text type 1 must then have value misc.),Text type 4 (use only if more than 1 is necessary – Text type 1 must then have value misc.),Language of the text,Script of the text,Maturity of script (if the script classification is Brahmi and derivatives only),Language of the text,Script of the text,Maturity of script (if the script classification is Brahmi and derivatives only),Language of the text,Script of the text,Maturity of script (if the script classification is Brahmi and derivatives only),Language of the text,Script of the text,Maturity of script (if the script classification is Brahmi and derivatives only),"Writing technique (engraved, relief, painted, etc.)",Number of lines of this text preserved/observed on the artefact(s),Known or estimated total number of lines in this text,"Number of lines observed per zone – if multiple zones, use $ as separator and letter prefix plus colon for each zone (format A:10$B:12)","Height x Width of the inscribed zone or zones (cm) – if multiple zones, use $ as separator and letter prefix plus colon before h and w values ",Height of an average aksara (cm),Width of an average aksara (cm),YYYY-MM-DD or YYYY-MM or YYYY,YYYY-YYYY,degree of certainty of the text's dating,degree of precision of the text's dating,evidence that indicates the date of the text,ID of other instances of the corresponding text,"Status of the given instance in relation with others (original, duplicate, reissue, undetermined)","In case of reissue, CE date of reissue (YYYY or YYYY-YYYY)",Bibliographical references. Use $ to separate the references,Bibliographical references. Use $ to separate the references,"Terms to characterize the inscription. The choice of keywords is free, use $ to separate terms",Remarks on text-related metadata (free text),Project responsible for making this text edition available,Licence applicable to the text edition,Identifier(s) of the related surrogate(s). Use $ to separate the identifiers.,Identifier(s) of the related digital image(s). Use $ to separate the identifiers.,Link(s) to related images stored on external repository.  Use $ to separate the identifiers.,0
1,,INSDaksinaKosala00001,,2022-01-17,nabo,2022-01-17,,,,DHARMA,DaksinaKosala,CC0,INSDaksinaKosala00001,"Pīparḍūlā Plates of Narendra, Year 3",,,,,,CONARTDaksinaKosala00001,,administrative/legal-royal_order-tax_regulation,,,,Sanskrit,brahmi_and_derivatives-northern_class_brahmi,late_Brahmi,,,,,,,,,,engraved,22,,,,,,,,,,,,,,,,Copperplate grant,,DHARMA,CC-BY-SA,,,,1
2,,INSDaksinaKosala00002,,2022-01-17,nabo,2022-01-17,,,,DHARMA,DaksinaKosala,CC0,INSDaksinaKosala00002,"Kurud Plates of Narendra, Year 24",,,,,,CONARTDaksinaKosala00002,,donative-religious_land_grant-confirmation_previous_religious_land_grant,,,,Sanskrit,brahmi_and_derivatives-northern_class_brahmi,late_Brahmi,,,,,,,,,,engraved,23,,,,,,,,,,,,,,,,Copperplate grant,,DHARMA,CC-BY-SA,,,,2
3,,INSDaksinaKosala00003,,2022-01-17,nabo,2022-01-17,,,,DHARMA,DaksinaKosala,CC0,INSDaksinaKosala00003,"Stray Rawan Plate of Narendra, undated",,,,,ARTDaksinaKosala000001,,,administrative/legal-royal_order-tax_regulation,,,,Sanskrit,brahmi_and_derivatives-northern_class_brahmi,late_Brahmi,,,,,,,,,,engraved,6,,,,,,,,,,,,,,,,Copperplate grant,,DHARMA,CC-BY-SA,,,,3
4,,INSDaksinaKosala00004,,2022-01-17,nabo,2022-01-17,,,,DHARMA,DaksinaKosala,CC0,INSDaksinaKosala00004,"Amgura Plates of Jayarāja, Year 3",,,,,,CONARTDaksinaKosala00003,,administrative/legal-royal_order-tax_regulation,,,,Sanskrit,brahmi_and_derivatives-northern_class_brahmi,late_Brahmi,,,,,,,,,,engraved,21,,,,,,,,,,,,,,,,Copperplate grant,,DHARMA,CC-BY-SA,,,,4
5,,INSDaksinaKosala00005,,2022-01-17,nabo,2022-01-17,,,,DHARMA,DaksinaKosala,CC0,INSDaksinaKosala00005,"Malhār Plates of Jayarāja, Year 5",,,,,,CONARTDaksinaKosala00004,,administrative/legal-royal_order-tax_regulation,,,,Sanskrit,brahmi_and_derivatives-northern_class_brahmi,late_Brahmi,,,,,,,,,,engraved,23,,,,,,,,,,,,,,,,Copperplate grant,,DHARMA,CC-BY-SA,,,,5
6,,INSDaksinaKosala00006,,2022-01-17,nabo,2022-01-17,,,,DHARMA,DaksinaKosala,CC0,INSDaksinaKosala00006,"Āraṅg Plates of Jayarāja, Year 5",,,,,,CONARTDaksinaKosala00005,,administrative/legal-royal_order-tax_regulation,,,,Sanskrit,brahmi_and_derivatives-northern_class_brahmi,late_Brahmi,,,,,,,,,,engraved,26,,,,,,,,,,,,,,,,Copperplate grant,,DHARMA,CC-BY-SA,,,,6
7,,INSDaksinaKosala00007,,2022-01-17,nabo,2022-01-17,,,,DHARMA,DaksinaKosala,CC0,INSDaksinaKosala00007,"Malhār Plates of Jayarāja, Year 9",,,,,,CONARTDaksinaKosala00006,,administrative/legal-royal_order-tax_regulation,,,,Sanskrit,brahmi_and_derivatives-northern_class_brahmi,late_Brahmi,,,,,,,,,,engraved,28,,,,,,,,,,,,,,,,Copperplate grant,,DHARMA,CC-BY-SA,,,,7
8,,INSDaksinaKosala00008,,2022-01-17,nabo,2022-01-17,,,,DHARMA,DaksinaKosala,CC0,INSDaksinaKosala00008,"Nahna Plates of Sudevarāja, Year 2",,,,,,CONARTDaksinaKosala00007,,administrative/legal-royal_order-tax_regulation,,,,Sanskrit,brahmi_and_derivatives-northern_class_brahmi,late_Brahmi,,,,,,,,,,engraved,25,,,,,,,,,,,,,,,,Copperplate grant,,DHARMA,CC-BY-SA,,,,8
9,,INSDaksinaKosala00009,,2022-01-17,nabo,2022-01-17,,,,DHARMA,DaksinaKosala,CC0,INSDaksinaKosala00009,"Dhamatari Plates of Sudevarāja, Year 3",,,,,,CONARTDaksinaKosala00008,,administrative/legal-royal_order-tax_regulation,,,,Sanskrit,brahmi_and_derivatives-northern_class_brahmi,late_Brahmi,,,,,,,,,,engraved,30,,,,,,,,,,,,,,,,Copperplate grant,,DHARMA,CC-BY-SA,,,,9
10,,INSDaksinaKosala00010,,2022-01-17,nabo,2022-01-17,,,,DHARMA,DaksinaKosala,CC0,INSDaksinaKosala00010,"Sirpur Plates of Sudevarāja, Year 7",,,,,,CONARTDaksinaKosala00009,,administrative/legal-royal_order-tax_regulation,,,,Sanskrit,brahmi_and_derivatives-northern_class_brahmi,late_Brahmi,,,,,,,,,,engraved,27,,,,,,,,,,,,,,,,Copperplate grant,,DHARMA,CC-BY-SA,,,,10
11,,INSDaksinaKosala00011,,2022-01-17,nabo,2022-01-17,,,,DHARMA,DaksinaKosala,CC0,INSDaksinaKosala00011,"Āraṅg Plates of Sudevarāja, Year 7",,,,,,CONARTDaksinaKosala00010,,administrative/legal-royal_order-tax_regulation,,,,Sanskrit,brahmi_and_derivatives-northern_class_brahmi,late_Brahmi,,,,,,,,,,engraved,28,,,,,,,,,,,,,,,,Copperplate grant,,DHARMA,CC-BY-SA,,,,11
12,,INSDaksinaKosala00012,,2022-01-17,nabo,2022-01-17,,,,DHARMA,DaksinaKosala,CC0,INSDaksinaKosala00012,"Kauvatal Plates of Sudevarāja, Year 7",,,,,,CONARTDaksinaKosala00011,,administrative/legal-royal_order-tax_regulation,,,,Sanskrit,brahmi_and_derivatives-northern_class_brahmi,late_Brahmi,,,,,,,,,,engraved,27,,,,,,,,,,,,,,,,Copperplate grant,,DHARMA,CC-BY-SA,,,,12
13,,INSDaksinaKosala00013,,2022-01-17,nabo,2022-01-17,,,,DHARMA,DaksinaKosala,CC0,INSDaksinaKosala00013,"Raipur Plates of Sudevarāja, Year 10",,,,,,CONARTDaksinaKosala00012,,administrative/legal-royal_order-tax_regulation,,,,Sanskrit,brahmi_and_derivatives-northern_class_brahmi,late_Brahmi,,,,,,,,,,engraved,30,,,,,,,,,,,,,,,,Copperplate grant,,DHARMA,CC-BY-SA,,,,13
14,,INSDaksinaKosala00014,,2022-01-17,nabo,2022-01-17,,,,DHARMA,DaksinaKosala,CC0,INSDaksinaKosala00014,Sāraṅgarh Plates of Sudevarāja (incomplete),,,,,,CONARTDaksinaKosala00013,,administrative/legal-royal_order-tax_regulation,,,,Sanskrit,brahmi_and_derivatives-northern_class_brahmi,late_Brahmi,,,,,,,,,,engraved,18,,,,,,,,,,,,,,,,Copperplate grant,,DHARMA,CC-BY-SA,,,,14
15,,INSDaksinaKosala00015,,2022-01-17,nabo,2022-01-17,,,,DHARMA,DaksinaKosala,CC0,INSDaksinaKosala00015,"Ṭhākurdiyā Plates of Pravararāja, Year 3",,,,,,CONARTDaksinaKosala00014,,administrative/legal-royal_order-tax_regulation,,,,Sanskrit,brahmi_and_derivatives-northern_class_brahmi,late_Brahmi,,,,,,,,,,engraved,25,,,,,,,,,,,,,,,,Copperplate grant,,DHARMA,CC-BY-SA,,,,15
16,,INSDaksinaKosala00016,,2022-01-17,nabo,2022-01-17,,,,DHARMA,DaksinaKosala,CC0,INSDaksinaKosala00016,"Malhār Plates of Pravararāja, Year 3",,,,,,CONARTDaksinaKosala00015,,administrative/legal-royal_order-tax_regulation,,,,Sanskrit,brahmi_and_derivatives-northern_class_brahmi,late_Brahmi,,,,,,,,,,engraved,25,,,,,,,,,,,,,,,,Copperplate grant,,DHARMA,CC-BY-SA,,,,16
17,,INSDaksinaKosala00017,,2022-01-17,nabo,2022-01-17,,,,DHARMA,DaksinaKosala,CC0,INSDaksinaKosala00017,"Stray Pokhra Plate of the Kings of Śarabhapura, undated",,,,,ARTDaksinaKosala000002,,,administrative/legal-royal_order-tax_regulation,,,,Sanskrit,brahmi_and_derivatives-northern_class_brahmi,late_Brahmi,,,,,,,,,,engraved,12,,,,,,,,,,,,,,,,Copperplate grant,,DHARMA,CC-BY-SA,,,,17
18,,INSDaksinaKosala00018,,2022-01-17,nabo,2022-01-17,,,,DHARMA,DaksinaKosala,CC0,INSDaksinaKosala00018,"Malgā Plates of Indrabala, Year 11",,,,,,CONARTDaksinaKosala00016,,administrative/legal-royal_order-tax_regulation,,,,Sanskrit,brahmi_and_derivatives-northern_class_brahmi,late_Brahmi,,,,,,,,,,engraved,31,,,,,,,,,,,,,,,,Copperplate grant,,DHARMA,CC-BY-SA,,,,18
19,,INSDaksinaKosala00019,,2022-01-17,nabo,2022-01-17,,,,DHARMA,DaksinaKosala,CC0,INSDaksinaKosala00019,"Bamhanī Plates of Śūrabala, Year 2",,,,,,CONARTDaksinaKosala00017,,administrative/legal-royal_order-tax_regulation,,,,Sanskrit,brahmi_and_derivatives-northern_class_brahmi,late_Brahmi,,,,,,,,,,engraved,49,,,,,,,,,,,,,,,,Copperplate grant,,DHARMA,CC-BY-SA,,,,19
20,,INSDaksinaKosala00020,,2022-01-17,nabo,2022-01-17,,,,DHARMA,DaksinaKosala,CC0,INSDaksinaKosala00020,"Malhār Plates of Śūrabala, Year 8",,,,,,CONARTDaksinaKosala00018,,administrative/legal-royal_order-tax_regulation,,,,Sanskrit,brahmi_and_derivatives-northern_class_brahmi,late_Brahmi,,,,,,,,,,engraved,53,,,,,,,,,,,,,,,,Copperplate grant,,DHARMA,CC-BY-SA,,,,20
21,,INSDaksinaKosala00021,,2022-01-17,nabo,2022-01-17,,,,DHARMA,DaksinaKosala,CC0,INSDaksinaKosala00021,"Stray Būrhīkhār Plate of Śūrabala, undated",,,,,ARTDaksinaKosala000003,,,administrative/legal-royal_order-tax_regulation,,,,Sanskrit,brahmi_and_derivatives-northern_class_brahmi,late_Brahmi,,,,,,,,,,engraved,11,,,,,,,,,,,,,,,,Copperplate grant,,DHARMA,CC-BY-SA,,,,21
22,,INSDaksinaKosala00022,,2022-01-17,nabo,2022-01-17,,,,DHARMA,DaksinaKosala,CC0,INSDaksinaKosala00022,"Bonda Plates of Tīvararāja, Year 5",,,,,,CONARTDaksinaKosala00019,,administrative/legal-royal_order-tax_regulation,,,,Sanskrit,brahmi_and_derivatives-northern_class_brahmi,late_Brahmi,,,,,,,,,,engraved,43,,,,,,,,,,,,,,,,Copperplate grant,,DHARMA,CC-BY-SA,,,,22
23,,INSDaksinaKosala00023,,2022-01-17,nabo,2022-01-17,,,,DHARMA,DaksinaKosala,CC0,INSDaksinaKosala00023,"Rājim Plates of Tīvararāja, Year 7",,,,,,CONARTDaksinaKosala00020,,administrative/legal-royal_order-tax_regulation,,,,Sanskrit,brahmi_and_derivatives-northern_class_brahmi,late_Brahmi,,,,,,,,,,engraved,38,,,,,,,,,,,,,,,,Copperplate grant,,DHARMA,CC-BY-SA,,DHARMA_ conART00002_1.set$DHARMA_ conART00002_7.seal-side,,23
24,,INSDaksinaKosala00024,,2022-01-17,nabo,2022-01-17,,,,DHARMA,DaksinaKosala,CC0,INSDaksinaKosala00024,"Sirpur Plates of Tīvararāja, Year 7",,,,,,CONARTDaksinaKosala00021,,administrative/legal-royal_order-tax_regulation,,,,Sanskrit,brahmi_and_derivatives-northern_class_brahmi,late_Brahmi,,,,,,,,,,engraved,41,,,,,,,,,,,,,,,,Copperplate grant,,DHARMA,CC-BY-SA,,DHARMA_ ART000001_1.1v,,24
25,,INSDaksinaKosala00025,,2022-01-17,nabo,2022-01-17,,,,DHARMA,DaksinaKosala,CC0,INSDaksinaKosala00025,"Baloda Plates of Tīvararāja, Year 9",,,,,,CONARTDaksinaKosala00022,,administrative/legal-royal_order-tax_regulation,,,,Sanskrit,brahmi_and_derivatives-northern_class_brahmi,late_Brahmi,,,,,,,,,,engraved,42,,,,,,,,,,,,,,,,Copperplate grant,,DHARMA,CC-BY-SA,,,,25
26,,INSDaksinaKosala00026,,2022-01-17,nabo,2022-01-17,,,,DHARMA,DaksinaKosala,CC0,INSDaksinaKosala00026,"Aḍbhār Plates of Nannarāja II, undated",,,,,,CONARTDaksinaKosala00023,,administrative/legal-royal_order-tax_regulation,,,,Sanskrit,brahmi_and_derivatives-northern_class_brahmi,late_Brahmi,,,,,,,,,,engraved,26,,,,,,,,,,,,,,,,Copperplate grant,,DHARMA,CC-BY-SA,,,,26
27,,INSDaksinaKosala00027,,2022-01-17,nabo,2022-01-17,,,,DHARMA,DaksinaKosala,CC0,INSDaksinaKosala00027,"Sirpur Plates of Śivagupta, Year 6",,,,,,CONARTDaksinaKosala00024,,administrative/legal-royal_order-tax_regulation,,,,Sanskrit,brahmi_and_derivatives-northern_class_brahmi,late_Brahmi,,,,,,,,,,engraved,29,,,,,,,,,,,,,,,,Copperplate grant,,DHARMA,CC-BY-SA,,DHARMA_ conART00005_1.set$DHARMA_ conART00005_7.seal,,27
28,,INSDaksinaKosala00028,,2022-01-17,nabo,2022-01-17,,,,DHARMA,DaksinaKosala,CC0,INSDaksinaKosala00028,"Malhār Plates of Śivagupta, undated (presumably year 6)",,,,,,CONARTDaksinaKosala00025,,administrative/legal-royal_order-tax_regulation,,,,Sanskrit,brahmi_and_derivatives-northern_class_brahmi,late_Brahmi,,,,,,,,,,engraved,30,,,,,,,,,,,,,,,,Copperplate grant,,DHARMA,CC-BY-SA,,,,28
29,,INSDaksinaKosala00029,,2022-01-17,nabo,2022-01-17,,,,DHARMA,DaksinaKosala,CC0,INSDaksinaKosala00029,"Bārdūlā Plates of Śivagupta, Year 9",,,,,,CONARTDaksinaKosala00026,,administrative/legal-royal_order-tax_regulation,,,,Sanskrit,brahmi_and_derivatives-northern_class_brahmi,late_Brahmi,,,,,,,,,,engraved,32,,,,,,,,,,,,,,,,Copperplate grant,,DHARMA,CC-BY-SA,,DHARMA_ conART00007_1.1v$DHARMA_ conART00007_4.3r,,29
30,,INSDaksinaKosala00030,,2022-01-17,nabo,2022-01-17,,,,DHARMA,DaksinaKosala,CC0,INSDaksinaKosala00030,"Sirpur Plates of Śivagupta, Year 11",,,,,,CONARTDaksinaKosala00027,,administrative/legal-royal_order-tax_regulation,,,,Sanskrit,brahmi_and_derivatives-northern_class_brahmi,late_Brahmi,,,,,,,,,,engraved,30,,,,,,,,,,,,,,,,Copperplate grant,,DHARMA,CC-BY-SA,,,,30
31,,INSDaksinaKosala00031,,2022-01-17,nabo,2022-01-17,,,,DHARMA,DaksinaKosala,CC0,INSDaksinaKosala00031,"Sirpur Plates of Śivagupta, Year 19",,,,,,CONARTDaksinaKosala00028,,administrative/legal-royal_order-tax_regulation,,,,Sanskrit,brahmi_and_derivatives-northern_class_brahmi,late_Brahmi,,,,,,,,,,engraved,30,,,,,,,,,,,,,,,,Copperplate grant,,DHARMA,CC-BY-SA,,,,31
32,,INSDaksinaKosala00032,,2022-01-17,nabo,2022-01-17,,,,DHARMA,DaksinaKosala,CC0,INSDaksinaKosala00032,"Boṇḍā Plates of Śivagupta, Year 22",,,,,,CONARTDaksinaKosala00029,,administrative/legal-royal_order-tax_regulation,,,,Sanskrit,brahmi_and_derivatives-northern_class_brahmi,late_Brahmi,,,,,,,,,,engraved,31,,,,,,,,,,,,,,,,Copperplate grant,,DHARMA,CC-BY-SA,,DHARMA_ conART00010_1.set$DHARMA_ conART00010_7.seal,,32
33,,INSDaksinaKosala00033,,2022-01-17,nabo,2022-01-17,,,,DHARMA,DaksinaKosala,CC0,INSDaksinaKosala00033,"Sirpur Plates of Śivagupta, Year 37",,,,,,CONARTDaksinaKosala00030,,administrative/legal-royal_order-tax_regulation,,,,Sanskrit,brahmi_and_derivatives-northern_class_brahmi,late_Brahmi,,,,,,,,,,engraved,30,,,,,,,,,,,,,,,,Copperplate grant,,DHARMA,CC-BY-SA,,,,33
34,,INSDaksinaKosala00034,,2022-01-17,nabo,2022-01-17,,,,DHARMA,DaksinaKosala,CC0,INSDaksinaKosala00034,"Sirpur Plates of Śivagupta, Year 38",,,,,,CONARTDaksinaKosala00031,,administrative/legal-royal_order-tax_regulation,,,,Sanskrit,brahmi_and_derivatives-northern_class_brahmi,late_Brahmi,,,,,,,,,,engraved,34,,,,,,,,,,,,,,,,Copperplate grant,,DHARMA,CC-BY-SA,,,,34
35,,INSDaksinaKosala00035,,2022-01-17,nabo,2022-01-17,,,,DHARMA,DaksinaKosala,CC0,INSDaksinaKosala00035,"Sirpur Plates of Śivagupta, Year 46",,,,,,CONARTDaksinaKosala00032,,administrative/legal-royal_order-tax_regulation,,,,Sanskrit,brahmi_and_derivatives-northern_class_brahmi,late_Brahmi,,,,,,,,,,engraved,34,,,,,,,,,,,,,,,,Copperplate grant,,DHARMA,CC-BY-SA,,,,35
36,,INSDaksinaKosala00036,,2022-01-17,nabo,2022-01-17,,,,DHARMA,DaksinaKosala,CC0,INSDaksinaKosala00036,"Sirpur Plates of Śivagupta, Year 48",,,,,,CONARTDaksinaKosala00033,,administrative/legal-royal_order-tax_regulation,,,,Sanskrit,brahmi_and_derivatives-northern_class_brahmi,late_Brahmi,,,,,,,,,,engraved,34,,,,,,,,,,,,,,,,Copperplate grant,,DHARMA,CC-BY-SA,,,,36
37,,INSDaksinaKosala00037,,2022-01-17,nabo,2022-01-17,,,,DHARMA,DaksinaKosala,CC0,INSDaksinaKosala00037,"Sirpur Plates of Śivagupta, undated (presumably year 48 or later)",,,,,,CONARTDaksinaKosala00034,,administrative/legal-royal_order-tax_regulation,,,,Sanskrit,brahmi_and_derivatives-northern_class_brahmi,late_Brahmi,,,,,,,,,,engraved,30,,,,,,,,,,,,,,,,Copperplate grant,,DHARMA,CC-BY-SA,,DHARMA_ conART00015_1.1v$DHARMA_ conART00015_5.seal,,37
38,,INSDaksinaKosala00038,,2022-01-17,nabo,2022-01-17,,,,DHARMA,DaksinaKosala,CC0,INSDaksinaKosala00038,"Sirpur Plates of Śivagupta, Year 52",,,,,,CONARTDaksinaKosala00035,,administrative/legal-royal_order-tax_regulation,,,,Sanskrit,brahmi_and_derivatives-northern_class_brahmi,late_Brahmi,,,,,,,,,,engraved,35,,,,,,,,,,,,,,,,Copperplate grant,,DHARMA,CC-BY-SA,,,,38
39,,INSDaksinaKosala00039,,2022-01-17,nabo,2022-01-17,,,,DHARMA,DaksinaKosala,CC0,INSDaksinaKosala00039,"Sirpur Plates of Śivagupta, Year 55",,,,,,CONARTDaksinaKosala00036,,administrative/legal-royal_order-tax_regulation,,,,Sanskrit,brahmi_and_derivatives-northern_class_brahmi,late_Brahmi,,,,,,,,,,engraved,34,,,,,,,,,,,,,,,,Copperplate grant,,DHARMA,CC-BY-SA,,,,39
40,,INSDaksinaKosala00040,,2022-01-17,nabo,2022-01-17,,,,DHARMA,DaksinaKosala,CC0,INSDaksinaKosala00040,"Sirpur Plates of Śivagupta, undated (presumably year 55 or later)",,,,,,CONARTDaksinaKosala00037,,administrative/legal-royal_order-tax_regulation,,,,Sanskrit,brahmi_and_derivatives-northern_class_brahmi,late_Brahmi,,,,,,,,,,engraved,32,,,,,,,,,,,,,,,,Copperplate grant,,DHARMA,CC-BY-SA,,,,40
41,,INSDaksinaKosala00041,,2022-01-17,nabo,2022-01-17,,,,DHARMA,DaksinaKosala,CC0,INSDaksinaKosala00041,"Lodhiā Plates of Śivagupta, Year 57",,,,,,CONARTDaksinaKosala00038,,administrative/legal-royal_order-tax_regulation,,,,Sanskrit,brahmi_and_derivatives-northern_class_brahmi,late_Brahmi,,,,,,,,,,engraved,34,,,,,,,,,,,,,,,,Copperplate grant,,DHARMA,CC-BY-SA,,,,41
42,,INSDaksinaKosala00042,,2022-01-17,nabo,2022-01-17,,,,DHARMA,DaksinaKosala,CC0,INSDaksinaKosala00042,"Junvānī Plates of Śivagupta, Year 57",,,,,,CONARTDaksinaKosala00039,,administrative/legal-royal_order-tax_regulation,,,,Sanskrit,brahmi_and_derivatives-northern_class_brahmi,late_Brahmi,,,,,,,,,,engraved,43,,,,,,,,,,,,,,,,Copperplate grant,,DHARMA,CC-BY-SA,,DHARMA_ ART000003_1.2r,,42
43,,INSDaksinaKosala00043,,2022-01-17,nabo,2022-01-17,,,,DHARMA,DaksinaKosala,CC0,INSDaksinaKosala00043,"Stray Būrhīkhār Plate of Śivagupta, Year 57",,,,,ARTDaksinaKosala000008,,,administrative/legal-royal_order-tax_regulation,,,,Sanskrit,brahmi_and_derivatives-northern_class_brahmi,late_Brahmi,,,,,,,,,,engraved,8,,,,,,,,,,,,,,,,Copperplate grant,,DHARMA,CC-BY-SA,,,,43
44,,INSDaksinaKosala00044,,2022-01-17,nabo,2022-01-17,,,,DHARMA,DaksinaKosala,CC0,INSDaksinaKosala00044,"Stray Malhār Plate of Śivagupta, undated",,,,,ARTDaksinaKosala000009,,,administrative/legal-royal_order-tax_regulation,,,,Sanskrit,brahmi_and_derivatives-northern_class_brahmi,late_Brahmi,,,,,,,,,,engraved,8,,,,,,,,,,,,,,,,Copperplate grant,,DHARMA,CC-BY-SA,,DHARMA_ conART00020_1.seal,,44
45,,INSDaksinaKosala00045,,2022-01-17,nabo,2022-01-17,,,,DHARMA,DaksinaKosala,CC0,INSDaksinaKosala00045,"Malhār Plates of Śivagupta, undated",,,,,,CONARTDaksinaKosala00040,,administrative/legal-royal_order-tax_regulation,,,,Sanskrit,brahmi_and_derivatives-northern_class_brahmi,late_Brahmi,,,,,,,,,,engraved,30,,,,,,,,,,,,,,,,Copperplate grant,,DHARMA,CC-BY-SA,,,,45
46,,INSDaksinaKosala00046,,2022-01-17,nabo,2022-01-17,,,,DHARMA,DaksinaKosala,CC0,INSDaksinaKosala00046,"Sirpur Plates of Śivagupta, undated",,,,,,CONARTDaksinaKosala00041,,administrative/legal-royal_order-tax_regulation,,,,Sanskrit,brahmi_and_derivatives-northern_class_brahmi,late_Brahmi,,,,,,,,,,engraved,29,,,,,,,,,,,,,,,,Copperplate grant,,DHARMA,CC-BY-SA,,,,46
47,,INSDaksinaKosala00047,,,,,,,,DHARMA,DaksinaKosala,CC0,INSDaksinaKosala00047,,,,,,,,,,,,,,,,,,,,,,,,,,,,,,,,,,,,,,,,,,,,DHARMA,CC-BY-SA,,,,47
48,,INSDaksinaKosala00048,,,,,,,,DHARMA,DaksinaKosala,CC0,INSDaksinaKosala00048,,,,,,,,,,,,,,,,,,,,,,,,,,,,,,,,,,,,,,,,,,,,DHARMA,CC-BY-SA,,,,48
49,,INSDaksinaKosala00049,,,,,,,,DHARMA,DaksinaKosala,CC0,INSDaksinaKosala00049,,,,,,,,,,,,,,,,,,,,,,,,,,,,,,,,,,,,,,,,,,,,DHARMA,CC-BY-SA,,DHARMA_ conART00025_1.1v$DHARMA_ conART00025_4.seal,,49
50,,INSDaksinaKosala00050,,,,,,,,DHARMA,DaksinaKosala,CC0,INSDaksinaKosala00050,,,,,,,,,,,,,,,,,,,,,,,,,,,,,,,,,,,,,,,,,,,,DHARMA,CC-BY-SA,,,,50
51,,INSDaksinaKosala00051,,,,,,,,DHARMA,DaksinaKosala,CC0,INSDaksinaKosala00051,,,,,,,,,,,,,,,,,,,,,,,,,,,,,,,,,,,,,,,,,,,,DHARMA,CC-BY-SA,,,,51
52,,INSDaksinaKosala00052,,,,,,,,DHARMA,DaksinaKosala,CC0,INSDaksinaKosala00052,,,,,,,,,,,,,,,,,,,,,,,,,,,,,,,,,,,,,,,,,,,,DHARMA,CC-BY-SA,,,,52
53,,INSDaksinaKosala00053,,,,,,,,DHARMA,DaksinaKosala,CC0,INSDaksinaKosala00053,,,,,,,,,,,,,,,,,,,,,,,,,,,,,,,,,,,,,,,,,,,,DHARMA,CC-BY-SA,,,,53
54,,INSDaksinaKosala00054,,,,,,,,DHARMA,DaksinaKosala,CC0,INSDaksinaKosala00054,,,,,,,,,,,,,,,,,,,,,,,,,,,,,,,,,,,,,,,,,,,,DHARMA,CC-BY-SA,,DHARMA_ conART00030_1.1v$DHARMA_ conART00030_5.3v,,54
55,,INSDaksinaKosala00055,,,,,,,,DHARMA,DaksinaKosala,CC0,INSDaksinaKosala00055,,,,,,,,,,,,,,,,,,,,,,,,,,,,,,,,,,,,,,,,,,,,DHARMA,CC-BY-SA,,DHARMA_ conART00031_1.1v$DHARMA_ conART00031_5.3v,,55
56,,INSDaksinaKosala00056,,,,,,,,DHARMA,DaksinaKosala,CC0,INSDaksinaKosala00056,,,,,,,,,,,,,,,,,,,,,,,,,,,,,,,,,,,,,,,,,,,,DHARMA,CC-BY-SA,,DHARMA_ conART00032_1.1v$DHARMA_ conART00032_5.3v,,56
57,,INSDaksinaKosala00057,,,,,,,,DHARMA,DaksinaKosala,CC0,INSDaksinaKosala00057,,,,,,,,,,,,,,,,,,,,,,,,,,,,,,,,,,,,,,,,,,,,DHARMA,CC-BY-SA,,DHARMA_ conART00033_1.1v$DHARMA_ conART00033_5.3v,,57
58,,INSDaksinaKosala00058,,,,,,,,DHARMA,DaksinaKosala,CC0,INSDaksinaKosala00058,,,,,,,,,,,,,,,,,,,,,,,,,,,,,,,,,,,,,,,,,,,,DHARMA,CC-BY-SA,,DHARMA_ conART00034_1.1v$DHARMA_ conART00034_4.3r,,58
59,,INSDaksinaKosala00059,,,,,,,,DHARMA,DaksinaKosala,CC0,INSDaksinaKosala00059,,,,,,,,,,,,,,,,,,,,,,,,,,,,,,,,,,,,,,,,,,,,DHARMA,CC-BY-SA,,DHARMA_ conART00035_1.1v$DHARMA_ conART00035_5.3v,,59
60,,INSDaksinaKosala00060,,,,,,,,DHARMA,DaksinaKosala,CC0,INSDaksinaKosala00060,,,,,,,,,,,,,,,,,,,,,,,,,,,,,,,,,,,,,,,,,,,,DHARMA,CC-BY-SA,,DHARMA_ conART00036_1.1v$DHARMA_ conART00036_5.3v,,60
61,,INSDaksinaKosala00061,,,,,,,,DHARMA,DaksinaKosala,CC0,INSDaksinaKosala00061,,,,,,,,,,,,,,,,,,,,,,,,,,,,,,,,,,,,,,,,,,,,DHARMA,CC-BY-SA,,DHARMA_ conART00037_1.1v$DHARMA_ conART00037_5.3v,,61
62,,INSDaksinaKosala00062,,,,,,,,DHARMA,DaksinaKosala,CC0,INSDaksinaKosala00062,,,,,,,,,,,,,,,,,,,,,,,,,,,,,,,,,,,,,,,,,,,,DHARMA,CC-BY-SA,,,,62
63,,INSDaksinaKosala00063,,,,,,,,DHARMA,DaksinaKosala,CC0,INSDaksinaKosala00063,,,,,,,,,,,,,,,,,,,,,,,,,,,,,,,,,,,,,,,,,,,,DHARMA,CC-BY-SA,,DHARMA_ conART00039_1.set$DHARMA_ conART00039_8.seal,,63
64,,INSDaksinaKosala00064,,,,,,,,DHARMA,DaksinaKosala,CC0,INSDaksinaKosala00064,,,,,,,,,,,,,,,,,,,,,,,,,,,,,,,,,,,,,,,,,,,,DHARMA,CC-BY-SA,,,,64
65,,INSDaksinaKosala00065,,,,,,,,DHARMA,DaksinaKosala,CC0,INSDaksinaKosala00065,,,,,,,,,,,,,,,,,,,,,,,,,,,,,,,,,,,,,,,,,,,,DHARMA,CC-BY-SA,,DHARMA_ ART000009_1.1v,,65
66,,INSDaksinaKosala00066,,,,,,,,DHARMA,DaksinaKosala,CC0,INSDaksinaKosala00066,,,,,,,,,,,,,,,,,,,,,,,,,,,,,,,,,,,,,,,,,,,,DHARMA,CC-BY-SA,,,,66
67,,INSDaksinaKosala00067,,,,,,,,DHARMA,DaksinaKosala,CC0,INSDaksinaKosala00067,,,,,,,,,,,,,,,,,,,,,,,,,,,,,,,,,,,,,,,,,,,,DHARMA,CC-BY-SA,,DHARMA_ conART00041_1.1v$DHARMA_ conART00041_4.3r,,67
68,,INSDaksinaKosala00068,,,,,,,,DHARMA,DaksinaKosala,CC0,INSDaksinaKosala00068,,,,,,,,,,,,,,,,,,,,,,,,,,,,,,,,,,,,,,,,,,,,DHARMA,CC-BY-SA,,,,68
69,,INSDaksinaKosala00069,,,,,,,,DHARMA,DaksinaKosala,CC0,INSDaksinaKosala00069,,,,,,,,,,,,,,,,,,,,,,,,,,,,,,,,,,,,,,,,,,,,DHARMA,CC-BY-SA,,,,69
70,,INSDaksinaKosala00070,,,,,,,,DHARMA,DaksinaKosala,CC0,INSDaksinaKosala00070,,,,,,,,,,,,,,,,,,,,,,,,,,,,,,,,,,,,,,,,,,,,DHARMA,CC-BY-SA,,,,70
71,,INSDaksinaKosala00071,,,,,,,,DHARMA,DaksinaKosala,CC0,INSDaksinaKosala00071,,,,,,,,,,,,,,,,,,,,,,,,,,,,,,,,,,,,,,,,,,,,DHARMA,CC-BY-SA,,,,71
72,,INSDaksinaKosala00072,,,,,,,,DHARMA,DaksinaKosala,CC0,INSDaksinaKosala00072,,,,,,,,,,,,,,,,,,,,,,,,,,,,,,,,,,,,,,,,,,,,DHARMA,CC-BY-SA,,,,72
73,,INSDaksinaKosala00073,,,,,,,,DHARMA,DaksinaKosala,CC0,INSDaksinaKosala00073,,,,,,,,,,,,,,,,,,,,,,,,,,,,,,,,,,,,,,,,,,,,DHARMA,CC-BY-SA,,,,73
74,,INSDaksinaKosala00074,,,,,,,,DHARMA,DaksinaKosala,CC0,INSDaksinaKosala00074,,,,,,,,,,,,,,,,,,,,,,,,,,,,,,,,,,,,,,,,,,,,DHARMA,CC-BY-SA,,,,74
75,,INSDaksinaKosala00075,,,,,,,,DHARMA,DaksinaKosala,CC0,INSDaksinaKosala00075,,,,,,,,,,,,,,,,,,,,,,,,,,,,,,,,,,,,,,,,,,,,DHARMA,CC-BY-SA,,,,75
76,,INSDaksinaKosala00076,,,,,,,,DHARMA,DaksinaKosala,CC0,INSDaksinaKosala00076,,,,,,,,,,,,,,,,,,,,,,,,,,,,,,,,,,,,,,,,,,,,DHARMA,CC-BY-SA,,,,76
77,,INSDaksinaKosala00077,,,,,,,,DHARMA,DaksinaKosala,CC0,INSDaksinaKosala00077,,,,,,,,,,,,,,,,,,,,,,,,,,,,,,,,,,,,,,,,,,,,DHARMA,CC-BY-SA,,,,77
78,,INSDaksinaKosala00078,,,,,,,,DHARMA,DaksinaKosala,CC0,INSDaksinaKosala00078,,,,,,,,,,,,,,,,,,,,,,,,,,,,,,,,,,,,,,,,,,,,DHARMA,CC-BY-SA,,,,78
79,,INSDaksinaKosala00079,,,,,,,,DHARMA,DaksinaKosala,CC0,INSDaksinaKosala00079,,,,,,,,,,,,,,,,,,,,,,,,,,,,,,,,,,,,,,,,,,,,DHARMA,CC-BY-SA,,,,79
80,,INSDaksinaKosala00080,,,,,,,,DHARMA,DaksinaKosala,CC0,INSDaksinaKosala00080,,,,,,,,,,,,,,,,,,,,,,,,,,,,,,,,,,,,,,,,,,,,DHARMA,CC-BY-SA,,,,80
81,,INSDaksinaKosala00081,,,,,,,,DHARMA,DaksinaKosala,CC0,INSDaksinaKosala00081,,,,,,,,,,,,,,,,,,,,,,,,,,,,,,,,,,,,,,,,,,,,DHARMA,CC-BY-SA,,,,81
82,,INSDaksinaKosala00082,,,,,,,,DHARMA,DaksinaKosala,CC0,INSDaksinaKosala00082,,,,,,,,,,,,,,,,,,,,,,,,,,,,,,,,,,,,,,,,,,,,DHARMA,CC-BY-SA,,,,82
83,,INSDaksinaKosala00083,,,,,,,,DHARMA,DaksinaKosala,CC0,INSDaksinaKosala00083,,,,,,,,,,,,,,,,,,,,,,,,,,,,,,,,,,,,,,,,,,,,DHARMA,CC-BY-SA,,,,83
84,,INSDaksinaKosala00084,,,,,,,,DHARMA,DaksinaKosala,CC0,INSDaksinaKosala00084,,,,,,,,,,,,,,,,,,,,,,,,,,,,,,,,,,,,,,,,,,,,DHARMA,CC-BY-SA,,,,84
85,,INSDaksinaKosala00085,,,,,,,,DHARMA,DaksinaKosala,CC0,INSDaksinaKosala00085,,,,,,,,,,,,,,,,,,,,,,,,,,,,,,,,,,,,,,,,,,,,DHARMA,CC-BY-SA,,,,85
86,,INSDaksinaKosala00086,,,,,,,,DHARMA,DaksinaKosala,CC0,INSDaksinaKosala00086,,,,,,,,,,,,,,,,,,,,,,,,,,,,,,,,,,,,,,,,,,,,DHARMA,CC-BY-SA,,,,86
87,,INSDaksinaKosala00087,,,,,,,,DHARMA,DaksinaKosala,CC0,INSDaksinaKosala00087,,,,,,,,,,,,,,,,,,,,,,,,,,,,,,,,,,,,,,,,,,,,DHARMA,CC-BY-SA,,,,87
88,,INSDaksinaKosala00088,,,,,,,,DHARMA,DaksinaKosala,CC0,INSDaksinaKosala00088,,,,,,,,,,,,,,,,,,,,,,,,,,,,,,,,,,,,,,,,,,,,DHARMA,CC-BY-SA,,,,88
89,,INSDaksinaKosala00089,,,,,,,,DHARMA,DaksinaKosala,CC0,INSDaksinaKosala00089,,,,,,,,,,,,,,,,,,,,,,,,,,,,,,,,,,,,,,,,,,,,DHARMA,CC-BY-SA,,,,89
90,,INSDaksinaKosala00090,,,,,,,,DHARMA,DaksinaKosala,CC0,INSDaksinaKosala00090,,,,,,,,,,,,,,,,,,,,,,,,,,,,,,,,,,,,,,,,,,,,DHARMA,CC-BY-SA,,,,90
91,,INSDaksinaKosala00091,,,,,,,,DHARMA,DaksinaKosala,CC0,INSDaksinaKosala00091,,,,,,,,,,,,,,,,,,,,,,,,,,,,,,,,,,,,,,,,,,,,DHARMA,CC-BY-SA,,,,91
92,,INSDaksinaKosala00092,,,,,,,,DHARMA,DaksinaKosala,CC0,INSDaksinaKosala00092,,,,,,,,,,,,,,,,,,,,,,,,,,,,,,,,,,,,,,,,,,,,DHARMA,CC-BY-SA,,,,92
93,,INSDaksinaKosala00093,,,,,,,,DHARMA,DaksinaKosala,CC0,INSDaksinaKosala00093,,,,,,,,,,,,,,,,,,,,,,,,,,,,,,,,,,,,,,,,,,,,DHARMA,CC-BY-SA,,,,93
94,,INSDaksinaKosala00094,,,,,,,,DHARMA,DaksinaKosala,CC0,INSDaksinaKosala00094,,,,,,,,,,,,,,,,,,,,,,,,,,,,,,,,,,,,,,,,,,,,DHARMA,CC-BY-SA,,,,94
95,,INSDaksinaKosala00095,,,,,,,,DHARMA,DaksinaKosala,CC0,INSDaksinaKosala00095,,,,,,,,,,,,,,,,,,,,,,,,,,,,,,,,,,,,,,,,,,,,DHARMA,CC-BY-SA,,,,95
96,,INSDaksinaKosala00096,,,,,,,,DHARMA,DaksinaKosala,CC0,INSDaksinaKosala00096,,,,,,,,,,,,,,,,,,,,,,,,,,,,,,,,,,,,,,,,,,,,DHARMA,CC-BY-SA,,,,96
97,,INSDaksinaKosala00097,,,,,,,,DHARMA,DaksinaKosala,CC0,INSDaksinaKosala00097,,,,,,,,,,,,,,,,,,,,,,,,,,,,,,,,,,,,,,,,,,,,DHARMA,CC-BY-SA,,,,97
98,,INSDaksinaKosala00098,,,,,,,,DHARMA,DaksinaKosala,CC0,INSDaksinaKosala00098,,,,,,,,,,,,,,,,,,,,,,,,,,,,,,,,,,,,,,,,,,,,DHARMA,CC-BY-SA,,,,98
99,,INSDaksinaKosala00099,,,,,,,,DHARMA,DaksinaKosala,CC0,INSDaksinaKosala00099,,,,,,,,,,,,,,,,,,,,,,,,,,,,,,,,,,,,,,,,,,,,DHARMA,CC-BY-SA,,,,99
100,,INSDaksinaKosala00100,,,,,,,,DHARMA,DaksinaKosala,CC0,INSDaksinaKosala00100,,,,,,,,,,,,,,,,,,,,,,,,,,,,,,,,,,,,,,,,,,,,DHARMA,CC-BY-SA,,,,100
